strain	virus	acceso	fecha	region	pais	division	db	autores	
GLT1	Hepatitis C	OM222702	11-Nov-14	Germany	Germany	Germany	GenBank	Lohmann,V.	
GLT1cc	Hepatitis C	OM222703	01-Feb-21	Germany	Germany	Germany	GenBank	Lohmann,V.	
TPF1	Hepatitis C	LC011927	04/23/2003	Japan	Japan	Japan	GenBank	Maruyamadai, Wako, Saitama 	
TPF1	Hepatitis C	LC011928	 27/04/2007	Japan	Japan	Japan	GenBank	Maruyamadai, Wako, Saitama 	
TPF1	Hepatitis C	LC011929	10/08/2012	Japan	Japan	Japan	GenBank	Maruyamadai, Wako, Saitama 	
sAH	Hepatitis C	LC011930	02/12/2004	japon	japon 	japon	GenBank	Mori,K., Matsumoto,A., Maki,N., Ichikawa,Y., Tanaka,E. and Yagi,S.	
sAH	Hepatitis C	LC011931	04/27/2007	japon	japon 	japon	GenBank	Mori,K., Matsumoto,A., Maki,N., Ichikawa,Y., Tanaka,E. and Yagi,S.	
Pt1-98_R	Hepatitis C	AB828699	04/28/1998	japon	japon 	japon	GenBank	Ando,T., Aizaki,H., Sugiyama,M., Hayashi,K., Ishigami,M.,  Katano,Y., Goto,H., Mizokami,M., Kuroda,M. and Wakita,T	
Pt1-98_Q1	Hepatitis C	AB828700	04/28/1998	japon	japon 	japon	GenBank	Ando,T., Aizaki,H., Sugiyama,M., Hayashi,K., Ishigami,M., Katano,Y., Goto,H., Mizokami,M., Kuroda,M. and Wakita,T	
Pt1-98_Q2	Hepatitis C	AB828701	04/28/1998	japon	japon 	japon	GenBank	Ando,T., Aizaki,H., Sugiyama,M., Hayashi,K., Ishigami,M., Katano,Y., Goto,H., Mizokami,M., Kuroda,M. and Wakita,T	
HCV-1b/CH/BID-V304/2004	Hepatitis C	EU862837	2004	Switzerland	Switzerland	Switzerland	GenBank	Henn,M.R., Kuntzen,T., Young,S., Kodira,C., Koehrsen,M., Jaffe,D.,Berlin,A., Heiman,D., Hepburn,T., Sykes,S., Borenstein,D.,Crawford,M., Engels,R., Freedman,E., Howarth,C., Larson,L.,Ledlie,T., Lewis,B., Montgomery,P., Park,D., Pearson,M.,Roberts,A., Sisk,P., Stolte,C., White,J., Zeng,Q., Yandava,C.,Oleary,S., Alvarado,L., Shenoy,N., Godfrey,P., Champion,M.,Gnerre,S., Grabherr,M., Mauceli,E., Bihl,F., Brander,C., Cerny,A.,Walker,B.D., Lander,E., Galagan,J., Nusbaum,C., Allen,T.M. and Birren,B.	
Whu	Hepatitis C	EU857431 	10-May-01	China	China	China	GenBank	Guo,J., Yan,R., Xu,G., Li,W. and Zheng,C.	
HCV-1b/CH/BID-V279/2004	Hepatitis C	EU256075	2004	Switzerland	Switzerland	Switzerland	GenBank	"Kuntzen,T., Timm,J., Berical,A., Lennon,N., Berlin,A.M.,
            Young,S.K., Lee,B., Heckerman,D., Carlson,J., Reyor,L.L.,
            Kleyman,M., McMahon,C.M., Birch,C., Schulze Zur Wiesch,J.,
            Ledlie,T., Koehrsen,M., Kodira,C., Roberts,A.D., Lauer,G.M.,
            Rosen,H.R., Bihl,F., Cerny,A., Spengler,U., Liu,Z., Kim,A.Y.,
            Xing,Y., Schneidewind,A., Madey,M.A., Fleckenstein,J.F., Park,V.M.,
            Galagan,J.E., Nusbaum,C., Walker,B.D., Lake-Bakaar,G.V., Daar,E.S.,
            Jacobson,I.M., Gomperts,E.D., Edlin,B.R., Donfield,S.M.,
            Chung,R.T., Talal,A.H., Marion,T., Birren,B.W., Henn,M.R. and
            Allen,T.M."	
HCV-1b/CH/BID-V280/2004	Hepatitis C	EU256076	2004	Switzerland	Switzerland	Switzerland	GenBank	"Kuntzen,T., Timm,J., Berical,A., Lennon,N., Berlin,A.M.,
            Young,S.K., Lee,B., Heckerman,D., Carlson,J., Reyor,L.L.,
            Kleyman,M., McMahon,C.M., Birch,C., Schulze Zur Wiesch,J.,
            Ledlie,T., Koehrsen,M., Kodira,C., Roberts,A.D., Lauer,G.M.,
            Rosen,H.R., Bihl,F., Cerny,A., Spengler,U., Liu,Z., Kim,A.Y.,
            Xing,Y., Schneidewind,A., Madey,M.A., Fleckenstein,J.F., Park,V.M.,
            Galagan,J.E., Nusbaum,C., Walker,B.D., Lake-Bakaar,G.V., Daar,E.S.,
            Jacobson,I.M., Gomperts,E.D., Edlin,B.R., Donfield,S.M.,
            Chung,R.T., Talal,A.H., Marion,T., Birren,B.W., Henn,M.R. and
            Allen,T.M.Henn,M.R., Kuntzen,T., Young,S., Kodira,C., Koehrsen,M., Jaffe,D.,
            Berlin,A., Heiman,D., Hepburn,T., Sykes,S., Borenstein,D.,
            Crawford,M., Engels,R., Freedman,E., Howarth,C., Larson,L.,
            Ledlie,T., Lewis,B., Montgomery,P., Park,D., Pearson,M.,
            Roberts,A., Sisk,P., Stolte,C., White,J., Zeng,Q., Yandava,C.,
            Oleary,S., Alvarado,L., Shenoy,N., Godfrey,P., Champion,M.,
            Gnerre,S., Grabherr,M., Mauceli,E., Bihl,F., Brander,C., Cerny,A.,
            Walker,B.D., Lander,E., Galagan,J., Nusbaum,C., Allen,T.M. and
            Birren,B."	
HCV-1b/CH/BID-V283/2005	Hepatitis C	EU256077	2005	Switzerland	Switzerland	Switzerland	GenBank	" Kuntzen,T., Timm,J., Berical,A., Lennon,N., Berlin,A.M.,
            Young,S.K., Lee,B., Heckerman,D., Carlson,J., Reyor,L.L.,
            Kleyman,M., McMahon,C.M., Birch,C., Schulze Zur Wiesch,J.,
            Ledlie,T., Koehrsen,M., Kodira,C., Roberts,A.D., Lauer,G.M.,
            Rosen,H.R., Bihl,F., Cerny,A., Spengler,U., Liu,Z., Kim,A.Y.,
            Xing,Y., Schneidewind,A., Madey,M.A., Fleckenstein,J.F., Park,V.M.,
            Galagan,J.E., Nusbaum,C., Walker,B.D., Lake-Bakaar,G.V., Daar,E.S.,
            Jacobson,I.M., Gomperts,E.D., Edlin,B.R., Donfield,S.M.,
            Chung,R.T., Talal,A.H., Marion,T., Birren,B.W., Henn,M.R. and
            Allen,T.M. Henn,M.R., Kuntzen,T., Young,S., Kodira,C., Koehrsen,M., Jaffe,D.,
            Berlin,A., Heiman,D., Hepburn,T., Sykes,S., Borenstein,D.,
            Crawford,M., Engels,R., Freedman,E., Howarth,C., Larson,L.,
            Ledlie,T., Lewis,B., Montgomery,P., Park,D., Pearson,M.,
            Roberts,A., Sisk,P., Stolte,C., White,J., Zeng,Q., Yandava,C.,
            Oleary,S., Alvarado,L., Shenoy,N., Godfrey,P., Champion,M.,
            Gnerre,S., Grabherr,M., Mauceli,E., Bihl,F., Brander,C., Cerny,A.,
            Walker,B.D., Lander,E., Galagan,J., Nusbaum,C., Allen,T.M. and
            Birren,B."	
HCV-1b/CH/BID-V284/2005	Hepatitis C	EU256078	2005	Switzerland	Switzerland	Switzerland	GenBank	"Kuntzen,T., Timm,J., Berical,A., Lennon,N., Berlin,A.M.,
            Young,S.K., Lee,B., Heckerman,D., Carlson,J., Reyor,L.L.,
            Kleyman,M., McMahon,C.M., Birch,C., Schulze Zur Wiesch,J.,
            Ledlie,T., Koehrsen,M., Kodira,C., Roberts,A.D., Lauer,G.M.,
            Rosen,H.R., Bihl,F., Cerny,A., Spengler,U., Liu,Z., Kim,A.Y.,
            Xing,Y., Schneidewind,A., Madey,M.A., Fleckenstein,J.F., Park,V.M.,
            Galagan,J.E., Nusbaum,C., Walker,B.D., Lake-Bakaar,G.V., Daar,E.S.,
            Jacobson,I.M., Gomperts,E.D., Edlin,B.R., Donfield,S.M.,
            Chung,R.T., Talal,A.H., Marion,T., Birren,B.W., Henn,M.R. and
            Allen,T.M. Henn,M.R., Kuntzen,T., Young,S., Kodira,C., Koehrsen,M., Jaffe,D.,
            Berlin,A., Heiman,D., Hepburn,T., Sykes,S., Borenstein,D.,
            Crawford,M., Engels,R., Freedman,E., Howarth,C., Larson,L.,
            Ledlie,T., Lewis,B., Montgomery,P., Park,D., Pearson,M.,
            Roberts,A., Sisk,P., Stolte,C., White,J., Zeng,Q., Yandava,C.,
            Oleary,S., Alvarado,L., Shenoy,N., Godfrey,P., Champion,M.,
            Gnerre,S., Grabherr,M., Mauceli,E., Bihl,F., Brander,C., Cerny,A.,
            Walker,B.D., Lander,E., Galagan,J., Nusbaum,C., Allen,T.M. and
            Birren,B."	
HCV-1b/CH/BID-V286/2005	Hepatitis C	EU256079	2005	Switzerland	Switzerland	Switzerland	GenBank	"Kuntzen,T., Timm,J., Berical,A., Lennon,N., Berlin,A.M.,
            Young,S.K., Lee,B., Heckerman,D., Carlson,J., Reyor,L.L.,
            Kleyman,M., McMahon,C.M., Birch,C., Schulze Zur Wiesch,J.,
            Ledlie,T., Koehrsen,M., Kodira,C., Roberts,A.D., Lauer,G.M.,
            Rosen,H.R., Bihl,F., Cerny,A., Spengler,U., Liu,Z., Kim,A.Y.,
            Xing,Y., Schneidewind,A., Madey,M.A., Fleckenstein,J.F., Park,V.M.,
            Galagan,J.E., Nusbaum,C., Walker,B.D., Lake-Bakaar,G.V., Daar,E.S.,
            Jacobson,I.M., Gomperts,E.D., Edlin,B.R., Donfield,S.M.,
            Chung,R.T., Talal,A.H., Marion,T., Birren,B.W., Henn,M.R. and
            Allen,T.M.Henn,M.R., Kuntzen,T., Young,S., Kodira,C., Koehrsen,M., Jaffe,D.,
            Berlin,A., Heiman,D., Hepburn,T., Sykes,S., Borenstein,D.,
            Crawford,M., Engels,R., Freedman,E., Howarth,C., Larson,L.,
            Ledlie,T., Lewis,B., Montgomery,P., Park,D., Pearson,M.,
            Roberts,A., Sisk,P., Stolte,C., White,J., Zeng,Q., Yandava,C.,
            Oleary,S., Alvarado,L., Shenoy,N., Godfrey,P., Champion,M.,
            Gnerre,S., Grabherr,M., Mauceli,E., Bihl,F., Brander,C., Cerny,A.,
            Walker,B.D., Lander,E., Galagan,J., Nusbaum,C., Allen,T.M. and
            Birren,B."	
HCV-1b/CH/BID-V292/2002	Hepatitis C	EU256080	2002	Switzerland	Switzerland	Switzerland	GenBank	"Kuntzen,T., Timm,J., Berical,A., Lennon,N., Berlin,A.M.,
            Young,S.K., Lee,B., Heckerman,D., Carlson,J., Reyor,L.L.,
            Kleyman,M., McMahon,C.M., Birch,C., Schulze Zur Wiesch,J.,
            Ledlie,T., Koehrsen,M., Kodira,C., Roberts,A.D., Lauer,G.M.,
            Rosen,H.R., Bihl,F., Cerny,A., Spengler,U., Liu,Z., Kim,A.Y.,
            Xing,Y., Schneidewind,A., Madey,M.A., Fleckenstein,J.F., Park,V.M.,
            Galagan,J.E., Nusbaum,C., Walker,B.D., Lake-Bakaar,G.V., Daar,E.S.,
            Jacobson,I.M., Gomperts,E.D., Edlin,B.R., Donfield,S.M.,
            Chung,R.T., Talal,A.H., Marion,T., Birren,B.W., Henn,M.R. and
            Allen,T.M. Henn,M.R., Kuntzen,T., Young,S., Kodira,C., Koehrsen,M., Jaffe,D.,
            Berlin,A., Heiman,D., Hepburn,T., Sykes,S., Borenstein,D.,
            Crawford,M., Engels,R., Freedman,E., Howarth,C., Larson,L.,
            Ledlie,T., Lewis,B., Montgomery,P., Park,D., Pearson,M.,
            Roberts,A., Sisk,P., Stolte,C., White,J., Zeng,Q., Yandava,C.,
            Oleary,S., Alvarado,L., Shenoy,N., Godfrey,P., Champion,M.,
            Gnerre,S., Grabherr,M., Mauceli,E., Bihl,F., Brander,C., Cerny,A.,
            Walker,B.D., Lander,E., Galagan,J., Nusbaum,C., Allen,T.M. and
            Birren,B."	
HCV-1b/CH/BID-V293/2002	Hepatitis C	EU256081	2002	Switzerland	Switzerland	Switzerland	GenBank	" Kuntzen,T., Timm,J., Berical,A., Lennon,N., Berlin,A.M.,
            Young,S.K., Lee,B., Heckerman,D., Carlson,J., Reyor,L.L.,
            Kleyman,M., McMahon,C.M., Birch,C., Schulze Zur Wiesch,J.,
            Ledlie,T., Koehrsen,M., Kodira,C., Roberts,A.D., Lauer,G.M.,
            Rosen,H.R., Bihl,F., Cerny,A., Spengler,U., Liu,Z., Kim,A.Y.,
            Xing,Y., Schneidewind,A., Madey,M.A., Fleckenstein,J.F., Park,V.M.,
            Galagan,J.E., Nusbaum,C., Walker,B.D., Lake-Bakaar,G.V., Daar,E.S.,
            Jacobson,I.M., Gomperts,E.D., Edlin,B.R., Donfield,S.M.,
            Chung,R.T., Talal,A.H., Marion,T., Birren,B.W., Henn,M.R. and
            Allen,T.M.Henn,M.R., Kuntzen,T., Young,S., Kodira,C., Koehrsen,M., Jaffe,D.,
            Berlin,A., Heiman,D., Hepburn,T., Sykes,S., Borenstein,D.,
            Crawford,M., Engels,R., Freedman,E., Howarth,C., Larson,L.,
            Ledlie,T., Lewis,B., Montgomery,P., Park,D., Pearson,M.,
            Roberts,A., Sisk,P., Stolte,C., White,J., Zeng,Q., Yandava,C.,
            Oleary,S., Alvarado,L., Shenoy,N., Godfrey,P., Champion,M.,
            Gnerre,S., Grabherr,M., Mauceli,E., Bihl,F., Brander,C., Cerny,A.,
            Walker,B.D., Lander,E., Galagan,J., Nusbaum,C., Allen,T.M. and
            Birren,B."	
HCV-1b/CH/BID-V298/2005	Hepatitis C	EU256082	2005	Switzerland	Switzerland	Switzerland	GenBank	" Kuntzen,T., Timm,J., Berical,A., Lennon,N., Berlin,A.M.,
            Young,S.K., Lee,B., Heckerman,D., Carlson,J., Reyor,L.L.,
            Kleyman,M., McMahon,C.M., Birch,C., Schulze Zur Wiesch,J.,
            Ledlie,T., Koehrsen,M., Kodira,C., Roberts,A.D., Lauer,G.M.,
            Rosen,H.R., Bihl,F., Cerny,A., Spengler,U., Liu,Z., Kim,A.Y.,
            Xing,Y., Schneidewind,A., Madey,M.A., Fleckenstein,J.F., Park,V.M.,
            Galagan,J.E., Nusbaum,C., Walker,B.D., Lake-Bakaar,G.V., Daar,E.S.,
            Jacobson,I.M., Gomperts,E.D., Edlin,B.R., Donfield,S.M.,
            Chung,R.T., Talal,A.H., Marion,T., Birren,B.W., Henn,M.R. and
            Allen,T.M.Henn,M.R., Kuntzen,T., Young,S., Kodira,C., Koehrsen,M., Jaffe,D.,
            Berlin,A., Heiman,D., Hepburn,T., Sykes,S., Borenstein,D.,
            Crawford,M., Engels,R., Freedman,E., Howarth,C., Larson,L.,
            Ledlie,T., Lewis,B., Montgomery,P., Park,D., Pearson,M.,
            Roberts,A., Sisk,P., Stolte,C., White,J., Zeng,Q., Yandava,C.,
            Oleary,S., Alvarado,L., Shenoy,N., Godfrey,P., Champion,M.,
            Gnerre,S., Grabherr,M., Mauceli,E., Bihl,F., Brander,C., Cerny,A.,
            Walker,B.D., Lander,E., Galagan,J., Nusbaum,C., Allen,T.M. and
            Birren,B."	
HCV-1b/CH/BID-V299/2005	Hepatitis C	EU256083	2005	Switzerland	Switzerland	Switzerland	GenBank	" Kuntzen,T., Timm,J., Berical,A., Lennon,N., Berlin,A.M.,
            Young,S.K., Lee,B., Heckerman,D., Carlson,J., Reyor,L.L.,
            Kleyman,M., McMahon,C.M., Birch,C., Schulze Zur Wiesch,J.,
            Ledlie,T., Koehrsen,M., Kodira,C., Roberts,A.D., Lauer,G.M.,
            Rosen,H.R., Bihl,F., Cerny,A., Spengler,U., Liu,Z., Kim,A.Y.,
            Xing,Y., Schneidewind,A., Madey,M.A., Fleckenstein,J.F., Park,V.M.,
            Galagan,J.E., Nusbaum,C., Walker,B.D., Lake-Bakaar,G.V., Daar,E.S.,
            Jacobson,I.M., Gomperts,E.D., Edlin,B.R., Donfield,S.M.,
            Chung,R.T., Talal,A.H., Marion,T., Birren,B.W., Henn,M.R. and
            Allen,T.M. Henn,M.R., Kuntzen,T., Young,S., Kodira,C., Koehrsen,M., Jaffe,D.,
            Berlin,A., Heiman,D., Hepburn,T., Sykes,S., Borenstein,D.,
            Crawford,M., Engels,R., Freedman,E., Howarth,C., Larson,L.,
            Ledlie,T., Lewis,B., Montgomery,P., Park,D., Pearson,M.,
            Roberts,A., Sisk,P., Stolte,C., White,J., Zeng,Q., Yandava,C.,
            Oleary,S., Alvarado,L., Shenoy,N., Godfrey,P., Champion,M.,
            Gnerre,S., Grabherr,M., Mauceli,E., Bihl,F., Brander,C., Cerny,A.,
            Walker,B.D., Lander,E., Galagan,J., Nusbaum,C., Allen,T.M. and
            Birren,B."	
 HCV-1b/CH/BID-V303/2003	Hepatitis C	EU256084	2003	Switzerland	Switzerland	Switzerland	GenBank	"Kuntzen,T., Timm,J., Berical,A., Lennon,N., Berlin,A.M.,
            Young,S.K., Lee,B., Heckerman,D., Carlson,J., Reyor,L.L.,
            Kleyman,M., McMahon,C.M., Birch,C., Schulze Zur Wiesch,J.,
            Ledlie,T., Koehrsen,M., Kodira,C., Roberts,A.D., Lauer,G.M.,
            Rosen,H.R., Bihl,F., Cerny,A., Spengler,U., Liu,Z., Kim,A.Y.,
            Xing,Y., Schneidewind,A., Madey,M.A., Fleckenstein,J.F., Park,V.M.,
            Galagan,J.E., Nusbaum,C., Walker,B.D., Lake-Bakaar,G.V., Daar,E.S.,
            Jacobson,I.M., Gomperts,E.D., Edlin,B.R., Donfield,S.M.,
            Chung,R.T., Talal,A.H., Marion,T., Birren,B.W., Henn,M.R. and
            Allen,T.M.Henn,M.R., Kuntzen,T., Young,S., Kodira,C., Koehrsen,M., Jaffe,D.,
            Berlin,A., Heiman,D., Hepburn,T., Sykes,S., Borenstein,D.,
            Crawford,M., Engels,R., Freedman,E., Howarth,C., Larson,L.,
            Ledlie,T., Lewis,B., Montgomery,P., Park,D., Pearson,M.,
            Roberts,A., Sisk,P., Stolte,C., White,J., Zeng,Q., Yandava,C.,
            Oleary,S., Alvarado,L., Shenoy,N., Godfrey,P., Champion,M.,
            Gnerre,S., Grabherr,M., Mauceli,E., Bihl,F., Brander,C., Cerny,A.,
            Walker,B.D., Lander,E., Galagan,J., Nusbaum,C., Allen,T.M. and
            Birren,B."	
HCV-1b/CH/BID-V305/2003	Hepatitis C	EU256085	2003	Switzerland	Switzerland	Switzerland	GenBank	"Kuntzen,T., Timm,J., Berical,A., Lennon,N., Berlin,A.M.,
            Young,S.K., Lee,B., Heckerman,D., Carlson,J., Reyor,L.L.,
            Kleyman,M., McMahon,C.M., Birch,C., Schulze Zur Wiesch,J.,
            Ledlie,T., Koehrsen,M., Kodira,C., Roberts,A.D., Lauer,G.M.,
            Rosen,H.R., Bihl,F., Cerny,A., Spengler,U., Liu,Z., Kim,A.Y.,
            Xing,Y., Schneidewind,A., Madey,M.A., Fleckenstein,J.F., Park,V.M.,
            Galagan,J.E., Nusbaum,C., Walker,B.D., Lake-Bakaar,G.V., Daar,E.S.,
            Jacobson,I.M., Gomperts,E.D., Edlin,B.R., Donfield,S.M.,
            Chung,R.T., Talal,A.H., Marion,T., Birren,B.W., Henn,M.R. and
            Allen,T.M.Henn,M.R., Kuntzen,T., Young,S., Kodira,C., Koehrsen,M., Jaffe,D.,
            Berlin,A., Heiman,D., Hepburn,T., Sykes,S., Borenstein,D.,
            Crawford,M., Engels,R., Freedman,E., Howarth,C., Larson,L.,
            Ledlie,T., Lewis,B., Montgomery,P., Park,D., Pearson,M.,
            Roberts,A., Sisk,P., Stolte,C., White,J., Zeng,Q., Yandava,C.,
            Oleary,S., Alvarado,L., Shenoy,N., Godfrey,P., Champion,M.,
            Gnerre,S., Grabherr,M., Mauceli,E., Bihl,F., Brander,C., Cerny,A.,
            Walker,B.D., Lander,E., Galagan,J., Nusbaum,C., Allen,T.M. and
            Birren,B."	
1804	Hepatitis C	AM910652	20-Nov-07	Spain	Barcelona	Barcelona	GenBank	"Bracho,M.A., Saludes,V., Martro,E., Bargallo,A.,
            Gonzalez-Candelas,F. and Ausina,V."	
HCV-1b/CH/BID-V312/2006	Hepatitis C	EU255960	2006	Switzerland	Switzerland	Switzerland	GenBank	"Kuntzen,T., Timm,J., Berical,A., Lennon,N., Berlin,A.M.,
            Young,S.K., Lee,B., Heckerman,D., Carlson,J., Reyor,L.L.,
            Kleyman,M., McMahon,C.M., Birch,C., Schulze Zur Wiesch,J.,
            Ledlie,T., Koehrsen,M., Kodira,C., Roberts,A.D., Lauer,G.M.,
            Rosen,H.R., Bihl,F., Cerny,A., Spengler,U., Liu,Z., Kim,A.Y.,
            Xing,Y., Schneidewind,A., Madey,M.A., Fleckenstein,J.F., Park,V.M.,
            Galagan,J.E., Nusbaum,C., Walker,B.D., Lake-Bakaar,G.V., Daar,E.S.,
            Jacobson,I.M., Gomperts,E.D., Edlin,B.R., Donfield,S.M.,
            Chung,R.T., Talal,A.H., Marion,T., Birren,B.W., Henn,M.R. and
            Allen,T.M.Henn,M.R., Kuntzen,T., Young,S., Kodira,C., Koehrsen,M., Jaffe,D.,
            Berlin,A., Heiman,D., Hepburn,T., Sykes,S., Borenstein,D.,
            Crawford,M., Engels,R., Freedman,E., Howarth,C., Larson,L.,
            Ledlie,T., Lewis,B., Montgomery,P., Park,D., Pearson,M.,
            Roberts,A., Sisk,P., Stolte,C., White,J., Zeng,Q., Yandava,C.,
            Oleary,S., Alvarado,L., Shenoy,N., Godfrey,P., Champion,M.,
            Gnerre,S., Grabherr,M., Mauceli,E., Bihl,F., Brander,C., Cerny,A.,
            Walker,B.D., Lander,E., Galagan,J., Nusbaum,C., Allen,T.M. and
            Birren,B."	
HCV-1b/CH/BID-V291/2002	Hepatitis C	EU529682	2002	Switzerland	Switzerland	Switzerland	GenBank	"Kuntzen,T., Timm,J., Berical,A., Lennon,N., Berlin,A.M.,
            Young,S.K., Lee,B., Heckerman,D., Carlson,J., Reyor,L.L.,
            Kleyman,M., McMahon,C.M., Birch,C., Schulze Zur Wiesch,J.,
            Ledlie,T., Koehrsen,M., Kodira,C., Roberts,A.D., Lauer,G.M.,
            Rosen,H.R., Bihl,F., Cerny,A., Spengler,U., Liu,Z., Kim,A.Y.,
            Xing,Y., Schneidewind,A., Madey,M.A., Fleckenstein,J.F., Park,V.M.,
            Galagan,J.E., Nusbaum,C., Walker,B.D., Lake-Bakaar,G.V., Daar,E.S.,
            Jacobson,I.M., Gomperts,E.D., Edlin,B.R., Donfield,S.M.,
            Chung,R.T., Talal,A.H., Marion,T., Birren,B.W., Henn,M.R. and
            Allen,T.M.Henn,M.R., Kuntzen,T., Young,S., Kodira,C., Koehrsen,M., Jaffe,D.,
            Berlin,A., Heiman,D., Hepburn,T., Sykes,S., Borenstein,D.,
            Crawford,M., Engels,R., Freedman,E., Howarth,C., Larson,L.,
            Ledlie,T., Lewis,B., Montgomery,P., Park,D., Pearson,M.,
            Roberts,A., Sisk,P., Stolte,C., White,J., Zeng,Q., Yandava,C.,
            Oleary,S., Alvarado,L., Shenoy,N., Godfrey,P., Champion,M.,
            Gnerre,S., Grabherr,M., Mauceli,E., Bihl,F., Brander,C., Cerny,A.,
            Walker,B.D., Lander,E., Galagan,J., Nusbaum,C., Allen,T.M. and
            Birren,B."	
HCV-1b/DE/BID-V503/2003	Hepatitis C	EU482833	2003	Germany	Germany	Germany	GenBank	"Kuntzen,T., Timm,J., Berical,A., Lennon,N., Berlin,A.M.,
            Young,S.K., Lee,B., Heckerman,D., Carlson,J., Reyor,L.L.,
            Kleyman,M., McMahon,C.M., Birch,C., Schulze Zur Wiesch,J.,
            Ledlie,T., Koehrsen,M., Kodira,C., Roberts,A.D., Lauer,G.M.,
            Rosen,H.R., Bihl,F., Cerny,A., Spengler,U., Liu,Z., Kim,A.Y.,
            Xing,Y., Schneidewind,A., Madey,M.A., Fleckenstein,J.F., Park,V.M.,
            Galagan,J.E., Nusbaum,C., Walker,B.D., Lake-Bakaar,G.V., Daar,E.S.,
            Jacobson,I.M., Gomperts,E.D., Edlin,B.R., Donfield,S.M.,
            Chung,R.T., Talal,A.H., Marion,T., Birren,B.W., Henn,M.R. and
            Allen,T.M.Henn,M.R., Kuntzen,T., Young,S., Kodira,C., Koehrsen,M., Jaffe,D.,
            Berlin,A., Heiman,D., Hepburn,T., Sykes,S., Borenstein,D.,
            Crawford,M., Engels,R., Freedman,E., Howarth,C., Larson,L.,
            Ledlie,T., Lewis,B., Montgomery,P., Park,D., Pearson,M.,
            Roberts,A., Sisk,P., Stolte,C., White,J., Zeng,Q., Yandava,C.,
            Oleary,S., Alvarado,L., Shenoy,N., Godfrey,P., Champion,M.,
            Gnerre,S., Grabherr,M., Mauceli,E., Spengler,U., Walker,B.D.,
            Lander,E., Galagan,J., Nusbaum,C., Allen,T.M. and Birren,B."	
HCV-1b/CH/BID-V272/2003	Hepatitis C	EU482859	2003	Switzerland	Switzerland	Switzerland	GenBank	" Kuntzen,T., Timm,J., Berical,A., Lennon,N., Berlin,A.M.,
            Young,S.K., Lee,B., Heckerman,D., Carlson,J., Reyor,L.L.,
            Kleyman,M., McMahon,C.M., Birch,C., Schulze Zur Wiesch,J.,
            Ledlie,T., Koehrsen,M., Kodira,C., Roberts,A.D., Lauer,G.M.,
            Rosen,H.R., Bihl,F., Cerny,A., Spengler,U., Liu,Z., Kim,A.Y.,
            Xing,Y., Schneidewind,A., Madey,M.A., Fleckenstein,J.F., Park,V.M.,
            Galagan,J.E., Nusbaum,C., Walker,B.D., Lake-Bakaar,G.V., Daar,E.S.,
            Jacobson,I.M., Gomperts,E.D., Edlin,B.R., Donfield,S.M.,
            Chung,R.T., Talal,A.H., Marion,T., Birren,B.W., Henn,M.R. and
            Allen,T.M.Henn,M.R., Kuntzen,T., Young,S., Kodira,C., Koehrsen,M., Jaffe,D.,
            Berlin,A., Heiman,D., Hepburn,T., Sykes,S., Borenstein,D.,
            Crawford,M., Engels,R., Freedman,E., Howarth,C., Larson,L.,
            Ledlie,T., Lewis,B., Montgomery,P., Park,D., Pearson,M.,
            Roberts,A., Sisk,P., Stolte,C., White,J., Zeng,Q., Yandava,C.,
            Oleary,S., Alvarado,L., Shenoy,N., Godfrey,P., Champion,M.,
            Gnerre,S., Grabherr,M., Mauceli,E., Bihl,F., Brander,C., Cerny,A.,
            Walker,B.D., Lander,E., Galagan,J., Nusbaum,C., Allen,T.M. and
            Birren,B."	
HCV-1b/CH/BID-V302/2003	Hepatitis C	EU482860	2003	Switzerland	Switzerland	Switzerland	GenBank	"Kuntzen,T., Timm,J., Berical,A., Lennon,N., Berlin,A.M.,
            Young,S.K., Lee,B., Heckerman,D., Carlson,J., Reyor,L.L.,
            Kleyman,M., McMahon,C.M., Birch,C., Schulze Zur Wiesch,J.,
            Ledlie,T., Koehrsen,M., Kodira,C., Roberts,A.D., Lauer,G.M.,
            Rosen,H.R., Bihl,F., Cerny,A., Spengler,U., Liu,Z., Kim,A.Y.,
            Xing,Y., Schneidewind,A., Madey,M.A., Fleckenstein,J.F., Park,V.M.,
            Galagan,J.E., Nusbaum,C., Walker,B.D., Lake-Bakaar,G.V., Daar,E.S.,
            Jacobson,I.M., Gomperts,E.D., Edlin,B.R., Donfield,S.M.,
            Chung,R.T., Talal,A.H., Marion,T., Birren,B.W., Henn,M.R. and
            Allen,T.M.Henn,M.R., Kuntzen,T., Young,S., Kodira,C., Koehrsen,M., Jaffe,D.,
            Berlin,A., Heiman,D., Hepburn,T., Sykes,S., Borenstein,D.,
            Crawford,M., Engels,R., Freedman,E., Howarth,C., Larson,L.,
            Ledlie,T., Lewis,B., Montgomery,P., Park,D., Pearson,M.,
            Roberts,A., Sisk,P., Stolte,C., White,J., Zeng,Q., Yandava,C.,
            Oleary,S., Alvarado,L., Shenoy,N., Godfrey,P., Champion,M.,
            Gnerre,S., Grabherr,M., Mauceli,E., Bihl,F., Brander,C., Cerny,A.,
            Walker,B.D., Lander,E., Galagan,J., Nusbaum,C., Allen,T.M. and
            Birren,B."	
 HCV-1b/CH/BID-V287/2005	Hepatitis C	EU482874	2005	Switzerland	Switzerland	Switzerland	GenBank	"Kuntzen,T., Timm,J., Berical,A., Lennon,N., Berlin,A.M.,
            Young,S.K., Lee,B., Heckerman,D., Carlson,J., Reyor,L.L.,
            Kleyman,M., McMahon,C.M., Birch,C., Schulze Zur Wiesch,J.,
            Ledlie,T., Koehrsen,M., Kodira,C., Roberts,A.D., Lauer,G.M.,
            Rosen,H.R., Bihl,F., Cerny,A., Spengler,U., Liu,Z., Kim,A.Y.,
            Xing,Y., Schneidewind,A., Madey,M.A., Fleckenstein,J.F., Park,V.M.,
            Galagan,J.E., Nusbaum,C., Walker,B.D., Lake-Bakaar,G.V., Daar,E.S.,
            Jacobson,I.M., Gomperts,E.D., Edlin,B.R., Donfield,S.M.,
            Chung,R.T., Talal,A.H., Marion,T., Birren,B.W., Henn,M.R. and
            Allen,T.M.Henn,M.R., Kuntzen,T., Young,S., Kodira,C., Koehrsen,M., Jaffe,D.,
            Berlin,A., Heiman,D., Hepburn,T., Sykes,S., Borenstein,D.,
            Crawford,M., Engels,R., Freedman,E., Howarth,C., Larson,L.,
            Ledlie,T., Lewis,B., Montgomery,P., Park,D., Pearson,M.,
            Roberts,A., Sisk,P., Stolte,C., White,J., Zeng,Q., Yandava,C.,
            Oleary,S., Alvarado,L., Shenoy,N., Godfrey,P., Champion,M.,
            Gnerre,S., Grabherr,M., Mauceli,E., Bihl,F., Brander,C., Cerny,A.,
            Walker,B.D., Lander,E., Galagan,J., Nusbaum,C., Allen,T.M. and
            Birren,B."	
HCV-1b/CH/BID-V310/2005	Hepatitis C	EU482875	2005	Switzerland	Switzerland	Switzerland	GenBank	"Kuntzen,T., Timm,J., Berical,A., Lennon,N., Berlin,A.M.,
            Young,S.K., Lee,B., Heckerman,D., Carlson,J., Reyor,L.L.,
            Kleyman,M., McMahon,C.M., Birch,C., Schulze Zur Wiesch,J.,
            Ledlie,T., Koehrsen,M., Kodira,C., Roberts,A.D., Lauer,G.M.,
            Rosen,H.R., Bihl,F., Cerny,A., Spengler,U., Liu,Z., Kim,A.Y.,
            Xing,Y., Schneidewind,A., Madey,M.A., Fleckenstein,J.F., Park,V.M.,
            Galagan,J.E., Nusbaum,C., Walker,B.D., Lake-Bakaar,G.V., Daar,E.S.,
            Jacobson,I.M., Gomperts,E.D., Edlin,B.R., Donfield,S.M.,
            Chung,R.T., Talal,A.H., Marion,T., Birren,B.W., Henn,M.R. and
            Allen,T.M.Henn,M.R., Kuntzen,T., Young,S., Kodira,C., Koehrsen,M., Jaffe,D.,
            Berlin,A., Heiman,D., Hepburn,T., Sykes,S., Borenstein,D.,
            Crawford,M., Engels,R., Freedman,E., Howarth,C., Larson,L.,
            Ledlie,T., Lewis,B., Montgomery,P., Park,D., Pearson,M.,
            Roberts,A., Sisk,P., Stolte,C., White,J., Zeng,Q., Yandava,C.,
            Oleary,S., Alvarado,L., Shenoy,N., Godfrey,P., Champion,M.,
            Gnerre,S., Grabherr,M., Mauceli,E., Bihl,F., Brander,C., Cerny,A.,
            Walker,B.D., Lander,E., Galagan,J., Nusbaum,C., Allen,T.M. and
            Birren,B."	
HCV-KT1	Hepatitis C	AB426117	28-Feb-08	Japan	Hiroshima	Hiroshima	GenBank	" Kimura,T., Imamura,M., Hiraga,N., Hatakeyama,T., Miki,D.,
            Noguchi,C., Mori,N., Tsuge,M., Takahashi,S., Fujimoto,Y., Iwao,E.,
            Ochi,H., Abe,H., Maekawa,T., Arataki,K., Tateno,C., Yoshizato,K.,
            Wakita,T., Okamoto,T., Matsuura,Y. and Chayama,K."	
HCV-1b/CH/BID-V273/2003	Hepatitis C	EU155356	2003	Switzerland	Switzerland	Switzerland	GenBank	"Kuntzen,T., Timm,J., Berical,A., Lennon,N., Berlin,A.M.,
            Young,S.K., Lee,B., Heckerman,D., Carlson,J., Reyor,L.L.,
            Kleyman,M., McMahon,C.M., Birch,C., Schulze Zur Wiesch,J.,
            Ledlie,T., Koehrsen,M., Kodira,C., Roberts,A.D., Lauer,G.M.,
            Rosen,H.R., Bihl,F., Cerny,A., Spengler,U., Liu,Z., Kim,A.Y.,
            Xing,Y., Schneidewind,A., Madey,M.A., Fleckenstein,J.F., Park,V.M.,
            Galagan,J.E., Nusbaum,C., Walker,B.D., Lake-Bakaar,G.V., Daar,E.S.,
            Jacobson,I.M., Gomperts,E.D., Edlin,B.R., Donfield,S.M.,
            Chung,R.T., Talal,A.H., Marion,T., Birren,B.W., Henn,M.R. and
            Allen,T.M.Henn,M.R., Kuntzen,T., Young,S., Kodira,C., Koehrsen,M., Jaffe,D.,
            Berlin,A., Heiman,D., Hepburn,T., Sykes,S., Borenstein,D.,
            Crawford,M., Engels,R., Freedman,E., Howarth,C., Larson,L.,
            Ledlie,T., Lewis,B., Montgomery,P., Park,D., Pearson,M.,
            Roberts,A., Sisk,P., Stolte,C., White,J., Zeng,Q., Yandava,C.,
            Oleary,S., Alvarado,L., Shenoy,N., Godfrey,P., Champion,M.,
            Gnerre,S., Grabherr,M., Mauceli,E., Bihl,F., Brander,C., Cerny,A.,
            Walker,B.D., Lander,E., Galagan,J., Nusbaum,C., Allen,T.M. and
            Birren,B."	
HCV-1b/CH/BID-V275/2003	Hepatitis C	EU155357	2003	Switzerland	Switzerland	Switzerland	GenBank	"Kuntzen,T., Timm,J., Berical,A., Lennon,N., Berlin,A.M.,
            Young,S.K., Lee,B., Heckerman,D., Carlson,J., Reyor,L.L.,
            Kleyman,M., McMahon,C.M., Birch,C., Schulze Zur Wiesch,J.,
            Ledlie,T., Koehrsen,M., Kodira,C., Roberts,A.D., Lauer,G.M.,
            Rosen,H.R., Bihl,F., Cerny,A., Spengler,U., Liu,Z., Kim,A.Y.,
            Xing,Y., Schneidewind,A., Madey,M.A., Fleckenstein,J.F., Park,V.M.,
            Galagan,J.E., Nusbaum,C., Walker,B.D., Lake-Bakaar,G.V., Daar,E.S.,
            Jacobson,I.M., Gomperts,E.D., Edlin,B.R., Donfield,S.M.,
            Chung,R.T., Talal,A.H., Marion,T., Birren,B.W., Henn,M.R. and
            Allen,T.M. Henn,M.R., Kuntzen,T., Young,S., Kodira,C., Koehrsen,M., Jaffe,D.,
            Berlin,A., Heiman,D., Hepburn,T., Sykes,S., Borenstein,D.,
            Crawford,M., Engels,R., Freedman,E., Howarth,C., Larson,L.,
            Ledlie,T., Lewis,B., Montgomery,P., Park,D., Pearson,M.,
            Roberts,A., Sisk,P., Stolte,C., White,J., Zeng,Q., Yandava,C.,
            Oleary,S., Alvarado,L., Shenoy,N., Godfrey,P., Champion,M.,
            Gnerre,S., Grabherr,M., Mauceli,E., Bihl,F., Brander,C., Cerny,A.,
            Walker,B.D., Lander,E., Galagan,J., Nusbaum,C., Allen,T.M. and
            Birren,B."	
HCV-1b/CH/BID-V276/2004	Hepatitis C	EU155358	2004	Switzerland	Switzerland	Switzerland	GenBank	"Kuntzen,T., Timm,J., Berical,A., Lennon,N., Berlin,A.M.,
            Young,S.K., Lee,B., Heckerman,D., Carlson,J., Reyor,L.L.,
            Kleyman,M., McMahon,C.M., Birch,C., Schulze Zur Wiesch,J.,
            Ledlie,T., Koehrsen,M., Kodira,C., Roberts,A.D., Lauer,G.M.,
            Rosen,H.R., Bihl,F., Cerny,A., Spengler,U., Liu,Z., Kim,A.Y.,
            Xing,Y., Schneidewind,A., Madey,M.A., Fleckenstein,J.F., Park,V.M.,
            Galagan,J.E., Nusbaum,C., Walker,B.D., Lake-Bakaar,G.V., Daar,E.S.,
            Jacobson,I.M., Gomperts,E.D., Edlin,B.R., Donfield,S.M.,
            Chung,R.T., Talal,A.H., Marion,T., Birren,B.W., Henn,M.R. and
            Allen,T.M.Henn,M.R., Kuntzen,T., Young,S., Kodira,C., Koehrsen,M., Jaffe,D.,
            Berlin,A., Heiman,D., Hepburn,T., Sykes,S., Borenstein,D.,
            Crawford,M., Engels,R., Freedman,E., Howarth,C., Larson,L.,
            Ledlie,T., Lewis,B., Montgomery,P., Park,D., Pearson,M.,
            Roberts,A., Sisk,P., Stolte,C., White,J., Zeng,Q., Yandava,C.,
            Oleary,S., Alvarado,L., Shenoy,N., Godfrey,P., Champion,M.,
            Gnerre,S., Grabherr,M., Mauceli,E., Bihl,F., Brander,C., Cerny,A.,
            Walker,B.D., Lander,E., Galagan,J., Nusbaum,C., Allen,T.M. and
            Birren,B."	
HCV-1b/CH/BID-V277/2002	Hepatitis C	EU155359	2002	Switzerland	Switzerland	Switzerland	GenBank	"Kuntzen,T., Timm,J., Berical,A., Lennon,N., Berlin,A.M.,
            Young,S.K., Lee,B., Heckerman,D., Carlson,J., Reyor,L.L.,
            Kleyman,M., McMahon,C.M., Birch,C., Schulze Zur Wiesch,J.,
            Ledlie,T., Koehrsen,M., Kodira,C., Roberts,A.D., Lauer,G.M.,
            Rosen,H.R., Bihl,F., Cerny,A., Spengler,U., Liu,Z., Kim,A.Y.,
            Xing,Y., Schneidewind,A., Madey,M.A., Fleckenstein,J.F., Park,V.M.,
            Galagan,J.E., Nusbaum,C., Walker,B.D., Lake-Bakaar,G.V., Daar,E.S.,
            Jacobson,I.M., Gomperts,E.D., Edlin,B.R., Donfield,S.M.,
            Chung,R.T., Talal,A.H., Marion,T., Birren,B.W., Henn,M.R. and
            Allen,T.M.Henn,M.R., Kuntzen,T., Young,S., Kodira,C., Koehrsen,M., Jaffe,D.,
            Berlin,A., Heiman,D., Hepburn,T., Sykes,S., Borenstein,D.,
            Crawford,M., Engels,R., Freedman,E., Howarth,C., Larson,L.,
            Ledlie,T., Lewis,B., Montgomery,P., Park,D., Pearson,M.,
            Roberts,A., Sisk,P., Stolte,C., White,J., Zeng,Q., Yandava,C.,
            Oleary,S., Alvarado,L., Shenoy,N., Godfrey,P., Champion,M.,
            Gnerre,S., Grabherr,M., Mauceli,E., Bihl,F., Brander,C., Cerny,A.,
            Walker,B.D., Lander,E., Galagan,J., Nusbaum,C., Allen,T.M. and
            Birren,B."	
HCV-1b/CH/BID-V278/2003	Hepatitis C	EU155360	2003	Switzerland	Switzerland	Switzerland	GenBank	"Kuntzen,T., Timm,J., Berical,A., Lennon,N., Berlin,A.M.,
            Young,S.K., Lee,B., Heckerman,D., Carlson,J., Reyor,L.L.,
            Kleyman,M., McMahon,C.M., Birch,C., Schulze Zur Wiesch,J.,
            Ledlie,T., Koehrsen,M., Kodira,C., Roberts,A.D., Lauer,G.M.,
            Rosen,H.R., Bihl,F., Cerny,A., Spengler,U., Liu,Z., Kim,A.Y.,
            Xing,Y., Schneidewind,A., Madey,M.A., Fleckenstein,J.F., Park,V.M.,
            Galagan,J.E., Nusbaum,C., Walker,B.D., Lake-Bakaar,G.V., Daar,E.S.,
            Jacobson,I.M., Gomperts,E.D., Edlin,B.R., Donfield,S.M.,
            Chung,R.T., Talal,A.H., Marion,T., Birren,B.W., Henn,M.R. and
            Allen,T.M.Henn,M.R., Kuntzen,T., Young,S., Kodira,C., Koehrsen,M., Jaffe,D.,
            Berlin,A., Heiman,D., Hepburn,T., Sykes,S., Borenstein,D.,
            Crawford,M., Engels,R., Freedman,E., Howarth,C., Larson,L.,
            Ledlie,T., Lewis,B., Montgomery,P., Park,D., Pearson,M.,
            Roberts,A., Sisk,P., Stolte,C., White,J., Zeng,Q., Yandava,C.,
            Oleary,S., Alvarado,L., Shenoy,N., Godfrey,P., Champion,M.,
            Gnerre,S., Grabherr,M., Mauceli,E., Bihl,F., Brander,C., Cerny,A.,
            Walker,B.D., Lander,E., Galagan,J., Nusbaum,C., Allen,T.M. and
            Birren,B."	
HCV-1b/CH/BID-V281/2004	Hepatitis C	EU155361	2004	Switzerland	Switzerland	Switzerland	GenBank	"Kuntzen,T., Timm,J., Berical,A., Lennon,N., Berlin,A.M.,
            Young,S.K., Lee,B., Heckerman,D., Carlson,J., Reyor,L.L.,
            Kleyman,M., McMahon,C.M., Birch,C., Schulze Zur Wiesch,J.,
            Ledlie,T., Koehrsen,M., Kodira,C., Roberts,A.D., Lauer,G.M.,
            Rosen,H.R., Bihl,F., Cerny,A., Spengler,U., Liu,Z., Kim,A.Y.,
            Xing,Y., Schneidewind,A., Madey,M.A., Fleckenstein,J.F., Park,V.M.,
            Galagan,J.E., Nusbaum,C., Walker,B.D., Lake-Bakaar,G.V., Daar,E.S.,
            Jacobson,I.M., Gomperts,E.D., Edlin,B.R., Donfield,S.M.,
            Chung,R.T., Talal,A.H., Marion,T., Birren,B.W., Henn,M.R. and
            Allen,T.M.Henn,M.R., Kuntzen,T., Young,S., Kodira,C., Koehrsen,M., Jaffe,D.,
            Berlin,A., Heiman,D., Hepburn,T., Sykes,S., Borenstein,D.,
            Crawford,M., Engels,R., Freedman,E., Howarth,C., Larson,L.,
            Ledlie,T., Lewis,B., Montgomery,P., Park,D., Pearson,M.,
            Roberts,A., Sisk,P., Stolte,C., White,J., Zeng,Q., Yandava,C.,
            Oleary,S., Alvarado,L., Shenoy,N., Godfrey,P., Champion,M.,
            Gnerre,S., Grabherr,M., Mauceli,E., Bihl,F., Brander,C., Cerny,A.,
            Walker,B.D., Lander,E., Galagan,J., Nusbaum,C., Allen,T.M. and
            Birren,B."	
HCV-1b/CH/BID-V282/2004	Hepatitis C	EU155362	2004	Switzerland	Switzerland	Switzerland	GenBank	"Kuntzen,T., Timm,J., Berical,A., Lennon,N., Berlin,A.M.,
            Young,S.K., Lee,B., Heckerman,D., Carlson,J., Reyor,L.L.,
            Kleyman,M., McMahon,C.M., Birch,C., Schulze Zur Wiesch,J.,
            Ledlie,T., Koehrsen,M., Kodira,C., Roberts,A.D., Lauer,G.M.,
            Rosen,H.R., Bihl,F., Cerny,A., Spengler,U., Liu,Z., Kim,A.Y.,
            Xing,Y., Schneidewind,A., Madey,M.A., Fleckenstein,J.F., Park,V.M.,
            Galagan,J.E., Nusbaum,C., Walker,B.D., Lake-Bakaar,G.V., Daar,E.S.,
            Jacobson,I.M., Gomperts,E.D., Edlin,B.R., Donfield,S.M.,
            Chung,R.T., Talal,A.H., Marion,T., Birren,B.W., Henn,M.R. and
            Allen,T.M. Henn,M.R., Kuntzen,T., Young,S., Kodira,C., Koehrsen,M., Jaffe,D.,
            Berlin,A., Heiman,D., Hepburn,T., Sykes,S., Borenstein,D.,
            Crawford,M., Engels,R., Freedman,E., Howarth,C., Larson,L.,
            Ledlie,T., Lewis,B., Montgomery,P., Park,D., Pearson,M.,
            Roberts,A., Sisk,P., Stolte,C., White,J., Zeng,Q., Yandava,C.,
            Oleary,S., Alvarado,L., Shenoy,N., Godfrey,P., Champion,M.,
            Gnerre,S., Grabherr,M., Mauceli,E., Bihl,F., Brander,C., Cerny,A.,
            Walker,B.D., Lander,E., Galagan,J., Nusbaum,C., Allen,T.M. and
            Birren,B."	
HCV-1b/CH/BID-V285/2005	Hepatitis C	EU155363	2005	Switzerland	Switzerland	Switzerland	GenBank	" Kuntzen,T., Timm,J., Berical,A., Lennon,N., Berlin,A.M.,
            Young,S.K., Lee,B., Heckerman,D., Carlson,J., Reyor,L.L.,
            Kleyman,M., McMahon,C.M., Birch,C., Schulze Zur Wiesch,J.,
            Ledlie,T., Koehrsen,M., Kodira,C., Roberts,A.D., Lauer,G.M.,
            Rosen,H.R., Bihl,F., Cerny,A., Spengler,U., Liu,Z., Kim,A.Y.,
            Xing,Y., Schneidewind,A., Madey,M.A., Fleckenstein,J.F., Park,V.M.,
            Galagan,J.E., Nusbaum,C., Walker,B.D., Lake-Bakaar,G.V., Daar,E.S.,
            Jacobson,I.M., Gomperts,E.D., Edlin,B.R., Donfield,S.M.,
            Chung,R.T., Talal,A.H., Marion,T., Birren,B.W., Henn,M.R. and
            Allen,T.M. Henn,M.R., Kuntzen,T., Young,S., Kodira,C., Koehrsen,M., Jaffe,D.,
            Berlin,A., Heiman,D., Hepburn,T., Sykes,S., Borenstein,D.,
            Crawford,M., Engels,R., Freedman,E., Howarth,C., Larson,L.,
            Ledlie,T., Lewis,B., Montgomery,P., Park,D., Pearson,M.,
            Roberts,A., Sisk,P., Stolte,C., White,J., Zeng,Q., Yandava,C.,
            Oleary,S., Alvarado,L., Shenoy,N., Godfrey,P., Champion,M.,
            Gnerre,S., Grabherr,M., Mauceli,E., Bihl,F., Brander,C., Cerny,A.,
            Walker,B.D., Lander,E., Galagan,J., Nusbaum,C., Allen,T.M. and
            Birren,B."	
HCV-1b/CH/BID-V288/2006	Hepatitis C	EU155364	2006	Switzerland	Switzerland	Switzerland	GenBank	"Kuntzen,T., Timm,J., Berical,A., Lennon,N., Berlin,A.M.,
            Young,S.K., Lee,B., Heckerman,D., Carlson,J., Reyor,L.L.,
            Kleyman,M., McMahon,C.M., Birch,C., Schulze Zur Wiesch,J.,
            Ledlie,T., Koehrsen,M., Kodira,C., Roberts,A.D., Lauer,G.M.,
            Rosen,H.R., Bihl,F., Cerny,A., Spengler,U., Liu,Z., Kim,A.Y.,
            Xing,Y., Schneidewind,A., Madey,M.A., Fleckenstein,J.F., Park,V.M.,
            Galagan,J.E., Nusbaum,C., Walker,B.D., Lake-Bakaar,G.V., Daar,E.S.,
            Jacobson,I.M., Gomperts,E.D., Edlin,B.R., Donfield,S.M.,
            Chung,R.T., Talal,A.H., Marion,T., Birren,B.W., Henn,M.R. and
            Allen,T.M.Henn,M.R., Kuntzen,T., Young,S., Kodira,C., Koehrsen,M., Jaffe,D.,
            Berlin,A., Heiman,D., Hepburn,T., Sykes,S., Borenstein,D.,
            Crawford,M., Engels,R., Freedman,E., Howarth,C., Larson,L.,
            Ledlie,T., Lewis,B., Montgomery,P., Park,D., Pearson,M.,
            Roberts,A., Sisk,P., Stolte,C., White,J., Zeng,Q., Yandava,C.,
            Oleary,S., Alvarado,L., Shenoy,N., Godfrey,P., Champion,M.,
            Gnerre,S., Grabherr,M., Mauceli,E., Bihl,F., Brander,C., Cerny,A.,
            Walker,B.D., Lander,E., Galagan,J., Nusbaum,C., Allen,T.M. and
            Birren,B."	
HCV-1b/CH/BID-V289/2006	Hepatitis C	EU155365	2006	Switzerland	Switzerland	Switzerland	GenBank	"Kuntzen,T., Timm,J., Berical,A., Lennon,N., Berlin,A.M.,
            Young,S.K., Lee,B., Heckerman,D., Carlson,J., Reyor,L.L.,
            Kleyman,M., McMahon,C.M., Birch,C., Schulze Zur Wiesch,J.,
            Ledlie,T., Koehrsen,M., Kodira,C., Roberts,A.D., Lauer,G.M.,
            Rosen,H.R., Bihl,F., Cerny,A., Spengler,U., Liu,Z., Kim,A.Y.,
            Xing,Y., Schneidewind,A., Madey,M.A., Fleckenstein,J.F., Park,V.M.,
            Galagan,J.E., Nusbaum,C., Walker,B.D., Lake-Bakaar,G.V., Daar,E.S.,
            Jacobson,I.M., Gomperts,E.D., Edlin,B.R., Donfield,S.M.,
            Chung,R.T., Talal,A.H., Marion,T., Birren,B.W., Henn,M.R. and
            Allen,T.M. Henn,M.R., Kuntzen,T., Young,S., Kodira,C., Koehrsen,M., Jaffe,D.,
            Berlin,A., Heiman,D., Hepburn,T., Sykes,S., Borenstein,D.,
            Crawford,M., Engels,R., Freedman,E., Howarth,C., Larson,L.,
            Ledlie,T., Lewis,B., Montgomery,P., Park,D., Pearson,M.,
            Roberts,A., Sisk,P., Stolte,C., White,J., Zeng,Q., Yandava,C.,
            Oleary,S., Alvarado,L., Shenoy,N., Godfrey,P., Champion,M.,
            Gnerre,S., Grabherr,M., Mauceli,E., Bihl,F., Brander,C., Cerny,A.,
            Walker,B.D., Lander,E., Galagan,J., Nusbaum,C., Allen,T.M. and
            Birren,B."	
HCV-1b/CH/BID-V294/2002	Hepatitis C	EU155366	2002	Switzerland	Switzerland	Switzerland	GenBank	"Kuntzen,T., Timm,J., Berical,A., Lennon,N., Berlin,A.M.,
            Young,S.K., Lee,B., Heckerman,D., Carlson,J., Reyor,L.L.,
            Kleyman,M., McMahon,C.M., Birch,C., Schulze Zur Wiesch,J.,
            Ledlie,T., Koehrsen,M., Kodira,C., Roberts,A.D., Lauer,G.M.,
            Rosen,H.R., Bihl,F., Cerny,A., Spengler,U., Liu,Z., Kim,A.Y.,
            Xing,Y., Schneidewind,A., Madey,M.A., Fleckenstein,J.F., Park,V.M.,
            Galagan,J.E., Nusbaum,C., Walker,B.D., Lake-Bakaar,G.V., Daar,E.S.,
            Jacobson,I.M., Gomperts,E.D., Edlin,B.R., Donfield,S.M.,
            Chung,R.T., Talal,A.H., Marion,T., Birren,B.W., Henn,M.R. and
            Allen,T.M.Henn,M.R., Kuntzen,T., Young,S., Kodira,C., Koehrsen,M., Jaffe,D.,
            Berlin,A., Heiman,D., Hepburn,T., Sykes,S., Borenstein,D.,
            Crawford,M., Engels,R., Freedman,E., Howarth,C., Larson,L.,
            Ledlie,T., Lewis,B., Montgomery,P., Park,D., Pearson,M.,
            Roberts,A., Sisk,P., Stolte,C., White,J., Zeng,Q., Yandava,C.,
            Oleary,S., Alvarado,L., Shenoy,N., Godfrey,P., Champion,M.,
            Gnerre,S., Grabherr,M., Mauceli,E., Bihl,F., Brander,C., Cerny,A.,
            Walker,B.D., Lander,E., Galagan,J., Nusbaum,C., Allen,T.M. and
            Birren,B."	
HCV-1b/CH/BID-V295/2002	Hepatitis C	EU155367	2002	Switzerland	Switzerland	Switzerland	GenBank	" Kuntzen,T., Timm,J., Berical,A., Lennon,N., Berlin,A.M.,
            Young,S.K., Lee,B., Heckerman,D., Carlson,J., Reyor,L.L.,
            Kleyman,M., McMahon,C.M., Birch,C., Schulze Zur Wiesch,J.,
            Ledlie,T., Koehrsen,M., Kodira,C., Roberts,A.D., Lauer,G.M.,
            Rosen,H.R., Bihl,F., Cerny,A., Spengler,U., Liu,Z., Kim,A.Y.,
            Xing,Y., Schneidewind,A., Madey,M.A., Fleckenstein,J.F., Park,V.M.,
            Galagan,J.E., Nusbaum,C., Walker,B.D., Lake-Bakaar,G.V., Daar,E.S.,
            Jacobson,I.M., Gomperts,E.D., Edlin,B.R., Donfield,S.M.,
            Chung,R.T., Talal,A.H., Marion,T., Birren,B.W., Henn,M.R. and
            Allen,T.M.Henn,M.R., Kuntzen,T., Young,S., Kodira,C., Koehrsen,M., Jaffe,D.,
            Berlin,A., Heiman,D., Hepburn,T., Sykes,S., Borenstein,D.,
            Crawford,M., Engels,R., Freedman,E., Howarth,C., Larson,L.,
            Ledlie,T., Lewis,B., Montgomery,P., Park,D., Pearson,M.,
            Roberts,A., Sisk,P., Stolte,C., White,J., Zeng,Q., Yandava,C.,
            Oleary,S., Alvarado,L., Shenoy,N., Godfrey,P., Champion,M.,
            Gnerre,S., Grabherr,M., Mauceli,E., Bihl,F., Brander,C., Cerny,A.,
            Walker,B.D., Lander,E., Galagan,J., Nusbaum,C., Allen,T.M. and
            Birren,B."	
HCV-1b/CH/BID-V296/2001	Hepatitis C	EU155368	2001	Switzerland	Switzerland	Switzerland	GenBank	"Kuntzen,T., Timm,J., Berical,A., Lennon,N., Berlin,A.M.,
            Young,S.K., Lee,B., Heckerman,D., Carlson,J., Reyor,L.L.,
            Kleyman,M., McMahon,C.M., Birch,C., Schulze Zur Wiesch,J.,
            Ledlie,T., Koehrsen,M., Kodira,C., Roberts,A.D., Lauer,G.M.,
            Rosen,H.R., Bihl,F., Cerny,A., Spengler,U., Liu,Z., Kim,A.Y.,
            Xing,Y., Schneidewind,A., Madey,M.A., Fleckenstein,J.F., Park,V.M.,
            Galagan,J.E., Nusbaum,C., Walker,B.D., Lake-Bakaar,G.V., Daar,E.S.,
            Jacobson,I.M., Gomperts,E.D., Edlin,B.R., Donfield,S.M.,
            Chung,R.T., Talal,A.H., Marion,T., Birren,B.W., Henn,M.R. and
            Allen,T.M. Henn,M.R., Kuntzen,T., Young,S., Kodira,C., Koehrsen,M., Jaffe,D.,
            Berlin,A., Heiman,D., Hepburn,T., Sykes,S., Borenstein,D.,
            Crawford,M., Engels,R., Freedman,E., Howarth,C., Larson,L.,
            Ledlie,T., Lewis,B., Montgomery,P., Park,D., Pearson,M.,
            Roberts,A., Sisk,P., Stolte,C., White,J., Zeng,Q., Yandava,C.,
            Oleary,S., Alvarado,L., Shenoy,N., Godfrey,P., Champion,M.,
            Gnerre,S., Grabherr,M., Mauceli,E., Bihl,F., Brander,C., Cerny,A.,
            Walker,B.D., Lander,E., Galagan,J., Nusbaum,C., Allen,T.M. and
            Birren,B."	
HCV-1b/CH/BID-V297/2002	Hepatitis C	EU155369	2002	Switzerland	Switzerland	Switzerland	GenBank	"Kuntzen,T., Timm,J., Berical,A., Lennon,N., Berlin,A.M.,
            Young,S.K., Lee,B., Heckerman,D., Carlson,J., Reyor,L.L.,
            Kleyman,M., McMahon,C.M., Birch,C., Schulze Zur Wiesch,J.,
            Ledlie,T., Koehrsen,M., Kodira,C., Roberts,A.D., Lauer,G.M.,
            Rosen,H.R., Bihl,F., Cerny,A., Spengler,U., Liu,Z., Kim,A.Y.,
            Xing,Y., Schneidewind,A., Madey,M.A., Fleckenstein,J.F., Park,V.M.,
            Galagan,J.E., Nusbaum,C., Walker,B.D., Lake-Bakaar,G.V., Daar,E.S.,
            Jacobson,I.M., Gomperts,E.D., Edlin,B.R., Donfield,S.M.,
            Chung,R.T., Talal,A.H., Marion,T., Birren,B.W., Henn,M.R. and
            Allen,T.M.Henn,M.R., Kuntzen,T., Young,S., Kodira,C., Koehrsen,M., Jaffe,D.,
            Berlin,A., Heiman,D., Hepburn,T., Sykes,S., Borenstein,D.,
            Crawford,M., Engels,R., Freedman,E., Howarth,C., Larson,L.,
            Ledlie,T., Lewis,B., Montgomery,P., Park,D., Pearson,M.,
            Roberts,A., Sisk,P., Stolte,C., White,J., Zeng,Q., Yandava,C.,
            Oleary,S., Alvarado,L., Shenoy,N., Godfrey,P., Champion,M.,
            Gnerre,S., Grabherr,M., Mauceli,E., Bihl,F., Brander,C., Cerny,A.,
            Walker,B.D., Lander,E., Galagan,J., Nusbaum,C., Allen,T.M. and
            Birren,B."	
HCV-1b/CH/BID-V300/2005	Hepatitis C	EU155370	2005	Switzerland	Switzerland	Switzerland	GenBank	"Kuntzen,T., Timm,J., Berical,A., Lennon,N., Berlin,A.M.,
            Young,S.K., Lee,B., Heckerman,D., Carlson,J., Reyor,L.L.,
            Kleyman,M., McMahon,C.M., Birch,C., Schulze Zur Wiesch,J.,
            Ledlie,T., Koehrsen,M., Kodira,C., Roberts,A.D., Lauer,G.M.,
            Rosen,H.R., Bihl,F., Cerny,A., Spengler,U., Liu,Z., Kim,A.Y.,
            Xing,Y., Schneidewind,A., Madey,M.A., Fleckenstein,J.F., Park,V.M.,
            Galagan,J.E., Nusbaum,C., Walker,B.D., Lake-Bakaar,G.V., Daar,E.S.,
            Jacobson,I.M., Gomperts,E.D., Edlin,B.R., Donfield,S.M.,
            Chung,R.T., Talal,A.H., Marion,T., Birren,B.W., Henn,M.R. and
            Allen,T.M.Henn,M.R., Kuntzen,T., Young,S., Kodira,C., Koehrsen,M., Jaffe,D.,
            Berlin,A., Heiman,D., Hepburn,T., Sykes,S., Borenstein,D.,
            Crawford,M., Engels,R., Freedman,E., Howarth,C., Larson,L.,
            Ledlie,T., Lewis,B., Montgomery,P., Park,D., Pearson,M.,
            Roberts,A., Sisk,P., Stolte,C., White,J., Zeng,Q., Yandava,C.,
            Oleary,S., Alvarado,L., Shenoy,N., Godfrey,P., Champion,M.,
            Gnerre,S., Grabherr,M., Mauceli,E., Bihl,F., Brander,C., Cerny,A.,
            Walker,B.D., Lander,E., Galagan,J., Nusbaum,C., Allen,T.M. and
            Birren,B."	
HCV-1b/CH/BID-V301/2005	Hepatitis C	EU155371	2005	Switzerland	Switzerland	Switzerland	GenBank	" Kuntzen,T., Timm,J., Berical,A., Lennon,N., Berlin,A.M.,
            Young,S.K., Lee,B., Heckerman,D., Carlson,J., Reyor,L.L.,
            Kleyman,M., McMahon,C.M., Birch,C., Schulze Zur Wiesch,J.,
            Ledlie,T., Koehrsen,M., Kodira,C., Roberts,A.D., Lauer,G.M.,
            Rosen,H.R., Bihl,F., Cerny,A., Spengler,U., Liu,Z., Kim,A.Y.,
            Xing,Y., Schneidewind,A., Madey,M.A., Fleckenstein,J.F., Park,V.M.,
            Galagan,J.E., Nusbaum,C., Walker,B.D., Lake-Bakaar,G.V., Daar,E.S.,
            Jacobson,I.M., Gomperts,E.D., Edlin,B.R., Donfield,S.M.,
            Chung,R.T., Talal,A.H., Marion,T., Birren,B.W., Henn,M.R. and
            Allen,T.M.Henn,M.R., Kuntzen,T., Young,S., Kodira,C., Koehrsen,M., Jaffe,D.,
            Berlin,A., Heiman,D., Hepburn,T., Sykes,S., Borenstein,D.,
            Crawford,M., Engels,R., Freedman,E., Howarth,C., Larson,L.,
            Ledlie,T., Lewis,B., Montgomery,P., Park,D., Pearson,M.,
            Roberts,A., Sisk,P., Stolte,C., White,J., Zeng,Q., Yandava,C.,
            Oleary,S., Alvarado,L., Shenoy,N., Godfrey,P., Champion,M.,
            Gnerre,S., Grabherr,M., Mauceli,E., Bihl,F., Brander,C., Cerny,A.,
            Walker,B.D., Lander,E., Galagan,J., Nusbaum,C., Allen,T.M. and
            Birren,B."	
HCV-1b/CH/BID-V306/2004	Hepatitis C	EU155372	2004	Switzerland	Switzerland	Switzerland	GenBank	"Kuntzen,T., Timm,J., Berical,A., Lennon,N., Berlin,A.M.,
            Young,S.K., Lee,B., Heckerman,D., Carlson,J., Reyor,L.L.,
            Kleyman,M., McMahon,C.M., Birch,C., Schulze Zur Wiesch,J.,
            Ledlie,T., Koehrsen,M., Kodira,C., Roberts,A.D., Lauer,G.M.,
            Rosen,H.R., Bihl,F., Cerny,A., Spengler,U., Liu,Z., Kim,A.Y.,
            Xing,Y., Schneidewind,A., Madey,M.A., Fleckenstein,J.F., Park,V.M.,
            Galagan,J.E., Nusbaum,C., Walker,B.D., Lake-Bakaar,G.V., Daar,E.S.,
            Jacobson,I.M., Gomperts,E.D., Edlin,B.R., Donfield,S.M.,
            Chung,R.T., Talal,A.H., Marion,T., Birren,B.W., Henn,M.R. and
            Allen,T.M.Henn,M.R., Kuntzen,T., Young,S., Kodira,C., Koehrsen,M., Jaffe,D.,
            Berlin,A., Heiman,D., Hepburn,T., Sykes,S., Borenstein,D.,
            Crawford,M., Engels,R., Freedman,E., Howarth,C., Larson,L.,
            Ledlie,T., Lewis,B., Montgomery,P., Park,D., Pearson,M.,
            Roberts,A., Sisk,P., Stolte,C., White,J., Zeng,Q., Yandava,C.,
            Oleary,S., Alvarado,L., Shenoy,N., Godfrey,P., Champion,M.,
            Gnerre,S., Grabherr,M., Mauceli,E., Bihl,F., Brander,C., Cerny,A.,
            Walker,B.D., Lander,E., Galagan,J., Nusbaum,C., Allen,T.M. and
            Birren,B."	
HCV-1b/CH/BID-V307/2005	Hepatitis C	EU155373	2005	Switzerland	Switzerland	Switzerland	GenBank	" Kuntzen,T., Timm,J., Berical,A., Lennon,N., Berlin,A.M.,
            Young,S.K., Lee,B., Heckerman,D., Carlson,J., Reyor,L.L.,
            Kleyman,M., McMahon,C.M., Birch,C., Schulze Zur Wiesch,J.,
            Ledlie,T., Koehrsen,M., Kodira,C., Roberts,A.D., Lauer,G.M.,
            Rosen,H.R., Bihl,F., Cerny,A., Spengler,U., Liu,Z., Kim,A.Y.,
            Xing,Y., Schneidewind,A., Madey,M.A., Fleckenstein,J.F., Park,V.M.,
            Galagan,J.E., Nusbaum,C., Walker,B.D., Lake-Bakaar,G.V., Daar,E.S.,
            Jacobson,I.M., Gomperts,E.D., Edlin,B.R., Donfield,S.M.,
            Chung,R.T., Talal,A.H., Marion,T., Birren,B.W., Henn,M.R. and
            Allen,T.M.Henn,M.R., Kuntzen,T., Young,S., Kodira,C., Koehrsen,M., Jaffe,D.,
            Berlin,A., Heiman,D., Hepburn,T., Sykes,S., Borenstein,D.,
            Crawford,M., Engels,R., Freedman,E., Howarth,C., Larson,L.,
            Ledlie,T., Lewis,B., Montgomery,P., Park,D., Pearson,M.,
            Roberts,A., Sisk,P., Stolte,C., White,J., Zeng,Q., Yandava,C.,
            Oleary,S., Alvarado,L., Shenoy,N., Godfrey,P., Champion,M.,
            Gnerre,S., Grabherr,M., Mauceli,E., Bihl,F., Brander,C., Cerny,A.,
            Walker,B.D., Lander,E., Galagan,J., Nusbaum,C., Allen,T.M. and
            Birren,B."	
HCV-1b/CH/BID-V308/2005	Hepatitis C	EU155374	2005	Switzerland	Switzerland	Switzerland	GenBank	" Kuntzen,T., Timm,J., Berical,A., Lennon,N., Berlin,A.M.,
            Young,S.K., Lee,B., Heckerman,D., Carlson,J., Reyor,L.L.,
            Kleyman,M., McMahon,C.M., Birch,C., Schulze Zur Wiesch,J.,
            Ledlie,T., Koehrsen,M., Kodira,C., Roberts,A.D., Lauer,G.M.,
            Rosen,H.R., Bihl,F., Cerny,A., Spengler,U., Liu,Z., Kim,A.Y.,
            Xing,Y., Schneidewind,A., Madey,M.A., Fleckenstein,J.F., Park,V.M.,
            Galagan,J.E., Nusbaum,C., Walker,B.D., Lake-Bakaar,G.V., Daar,E.S.,
            Jacobson,I.M., Gomperts,E.D., Edlin,B.R., Donfield,S.M.,
            Chung,R.T., Talal,A.H., Marion,T., Birren,B.W., Henn,M.R. and
            Allen,T.M.Henn,M.R., Kuntzen,T., Young,S., Kodira,C., Koehrsen,M., Jaffe,D.,
            Berlin,A., Heiman,D., Hepburn,T., Sykes,S., Borenstein,D.,
            Crawford,M., Engels,R., Freedman,E., Howarth,C., Larson,L.,
            Ledlie,T., Lewis,B., Montgomery,P., Park,D., Pearson,M.,
            Roberts,A., Sisk,P., Stolte,C., White,J., Zeng,Q., Yandava,C.,
            Oleary,S., Alvarado,L., Shenoy,N., Godfrey,P., Champion,M.,
            Gnerre,S., Grabherr,M., Mauceli,E., Bihl,F., Brander,C., Cerny,A.,
            Walker,B.D., Lander,E., Galagan,J., Nusbaum,C., Allen,T.M. and
            Birren,B."	
HCV-1b/CH/BID-V309/2006	Hepatitis C	EU155375	2006	Switzerland	Switzerland	Switzerland	GenBank	" Kuntzen,T., Timm,J., Berical,A., Lennon,N., Berlin,A.M.,
            Young,S.K., Lee,B., Heckerman,D., Carlson,J., Reyor,L.L.,
            Kleyman,M., McMahon,C.M., Birch,C., Schulze Zur Wiesch,J.,
            Ledlie,T., Koehrsen,M., Kodira,C., Roberts,A.D., Lauer,G.M.,
            Rosen,H.R., Bihl,F., Cerny,A., Spengler,U., Liu,Z., Kim,A.Y.,
            Xing,Y., Schneidewind,A., Madey,M.A., Fleckenstein,J.F., Park,V.M.,
            Galagan,J.E., Nusbaum,C., Walker,B.D., Lake-Bakaar,G.V., Daar,E.S.,
            Jacobson,I.M., Gomperts,E.D., Edlin,B.R., Donfield,S.M.,
            Chung,R.T., Talal,A.H., Marion,T., Birren,B.W., Henn,M.R. and
            Allen,T.M.Henn,M.R., Kuntzen,T., Young,S., Kodira,C., Koehrsen,M., Jaffe,D.,
            Berlin,A., Heiman,D., Hepburn,T., Sykes,S., Borenstein,D.,
            Crawford,M., Engels,R., Freedman,E., Howarth,C., Larson,L.,
            Ledlie,T., Lewis,B., Montgomery,P., Park,D., Pearson,M.,
            Roberts,A., Sisk,P., Stolte,C., White,J., Zeng,Q., Yandava,C.,
            Oleary,S., Alvarado,L., Shenoy,N., Godfrey,P., Champion,M.,
            Gnerre,S., Grabherr,M., Mauceli,E., Bihl,F., Brander,C., Cerny,A.,
            Walker,B.D., Lander,E., Galagan,J., Nusbaum,C., Allen,T.M. and
            Birren,B."	

